L_eye_x,L_eye_y,R_eye_x,R_eye_y,L_ear_x,L_ear_y,R_ear_x,R_ear_y,Nose_x,Nose_y,Throat_x,Throat_y,Tail_x,Tail_y,withers_x,withers_y,L_F_elbow_x,L_F_elbow_y,R_F_elbow_x,R_F_elbow_y,L_B_elbow_x,L_B_elbow_y,R_B_elbow_x,R_B_elbow_y,L_F_knee_x,L_F_knee_y,R_F_knee_x,R_F_knee_y,L_B_knee_x,L_B_knee_y,R_B_knee_x,R_B_knee_y,L_F_paw_x,L_F_paw_y,R_F_paw_x,R_F_paw_y,L_B_paw_x,L_B_paw_y,R_B_paw_x,R_B_paw_y
78,73,58,74,90,63,46,61,64,96,80,97,256,59,123,57,116,110,0,0,228,105,0,0,127,145,0,0,229,146,254,140,128,170,0,0,216,179,250,178
0,0,257,137,0,0,258,117,257,165,217,131,74,44,193,57,0,0,191,115,0,0,74,104,169,140,187,142,91,133,65,132,159,160,190,162,102,159,70,162
270,81,242,78,286,64,225,71,266,108,228,100,30,31,197,28,0,0,192,103,0,0,58,89,185,151,192,158,0,0,32,145,203,185,194,194,0,0,24,189
0,0,192,115,182,102,182,115,208,125,169,134,27,95,135,91,0,0,132,140,0,0,37,138,121,156,130,160,55,157,39,157,121,171,134,179,64,176,45,182
268,44,248,43,276,32,231,34,269,66,246,78,50,38,185,40,0,0,207,120,47,114,69,111,195,149,212,147,56,156,68,155,196,174,218,175,60,187,75,188
0,0,240,117,0,0,242,98,234,139,208,118,49,29,179,28,0,0,190,98,0,0,61,103,159,130,191,130,64,140,46,132,157,147,195,151,0,0,50,171
219,64,198,64,226,57,192,56,209,79,195,82,70,58,168,57,0,0,170,109,0,0,84,101,185,128,169,132,69,120,78,128,0,0,0,0,59,143,84,148
59,88,0,0,68,83,65,72,48,107,70,110,232,73,126,70,128,123,0,0,233,117,0,0,127,148,0,0,238,138,215,144,126,165,0,0,243,164,213,163
0,0,234,65,268,46,210,53,260,104,217,89,21,16,167,21,0,0,170,102,0,0,34,80,0,0,166,137,62,117,38,117,181,144,175,164,78,141,48,146
172,85,105,86,224,68,61,66,130,148,149,196,0,0,0,0,194,207,85,200,0,0,0,0,0,0,0,0,0,0,0,0,0,0,0,0,0,0,0,0
35,45,0,0,39,26,26,22,16,68,48,75,253,23,119,27,112,84,0,0,237,84,0,0,115,129,0,0,247,124,0,0,111,161,0,0,243,164,234,155
46,22,0,0,65,24,66,12,18,34,63,67,270,59,118,45,108,112,0,0,238,112,0,0,107,156,118,155,242,158,260,154,104,188,119,186,227,203,259,200
80,66,56,63,91,53,47,53,61,87,87,97,236,51,127,49,119,97,0,0,214,103,0,0,116,144,124,139,222,141,239,138,112,172,124,167,212,178,239,171
56,53,33,52,72,42,24,41,37,75,59,85,267,48,124,42,101,121,0,0,252,124,0,0,100,155,116,150,268,157,242,160,0,0,0,0,279,191,0,0
270,80,244,76,282,68,227,71,263,110,234,108,26,32,197,26,0,0,199,109,0,0,60,104,186,152,198,159,0,0,29,149,190,190,203,188,0,0,24,194
246,59,227,57,259,47,211,47,238,84,221,85,54,37,191,40,0,0,186,110,0,0,62,100,197,152,188,152,83,141,49,137,0,0,188,183,96,180,51,177
230,60,182,60,251,39,162,52,214,103,201,128,32,34,128,41,0,0,131,152,0,0,19,129,182,219,150,221,74,181,31,177,0,0,0,0,77,224,20,222
242,139,219,140,249,118,203,122,230,173,0,0,41,41,187,34,0,0,175,100,0,0,51,92,157,133,175,137,77,138,45,130,153,155,181,161,0,0,48,168
0,0,261,29,0,0,243,18,292,45,243,67,22,76,167,51,0,0,193,125,0,0,46,139,184,158,193,160,0,0,30,185,182,189,198,192,44,214,31,215
42,34,0,0,59,26,51,17,11,66,64,75,285,51,125,31,140,95,0,0,267,98,0,0,145,148,131,139,275,138,0,0,151,182,130,172,264,179,0,0
53,52,31,53,74,42,25,40,34,74,60,82,262,51,105,44,106,112,0,0,257,118,0,0,104,164,112,158,269,155,248,158,0,0,0,0,277,191,244,184
106,153,0,0,103,126,72,133,95,177,130,141,255,16,141,35,170,104,0,0,259,84,0,0,161,145,138,150,254,116,238,110,159,167,137,169,249,151,238,148
49,67,0,0,72,55,27,53,20,96,71,97,283,54,132,39,124,110,0,0,251,108,0,0,128,160,138,149,247,151,260,142,127,186,135,177,231,188,248,179
0,0,270,27,256,10,261,22,289,47,245,62,28,19,173,20,0,0,197,101,0,0,36,83,184,129,191,130,64,118,31,126,0,0,0,0,0,0,0,0
0,0,276,95,273,64,277,64,289,122,246,123,20,79,176,57,0,0,192,134,0,0,45,129,0,0,193,172,45,170,30,169,181,193,188,196,43,195,28,202
56,56,32,58,70,48,26,49,37,84,65,98,278,52,116,42,106,107,0,0,258,107,0,0,106,156,123,141,275,151,251,155,105,184,122,176,268,197,241,190
0,0,251,27,0,0,237,24,278,45,238,60,39,61,162,48,0,0,194,109,0,0,69,116,180,147,195,138,44,155,65,148,180,175,198,175,43,192,74,196
0,0,252,70,260,53,240,57,268,89,230,86,60,59,180,54,0,0,186,108,0,0,88,105,0,0,183,141,57,141,77,142,184,165,181,166,57,173,85,175
71,38,50,42,86,31,37,34,58,71,78,76,255,37,120,32,108,92,0,0,235,81,0,0,101,144,0,0,238,144,248,129,103,182,109,172,236,181,0,0
79,55,0,0,98,44,65,41,57,79,103,78,280,19,153,25,167,85,0,0,272,81,0,0,164,125,0,0,268,113,0,0,0,0,0,0,265,136,0,0
144,76,102,75,164,53,85,59,129,105,123,150,0,0,48,81,119,195,75,189,0,0,0,0,103,241,76,242,0,0,0,0,99,273,76,275,0,0,0,0
126,74,93,73,137,65,80,65,107,101,126,106,283,66,181,61,162,136,0,0,277,120,244,132,149,178,0,0,284,153,256,154,0,0,0,0,0,0,0,0
0,0,252,17,239,8,236,23,281,24,250,45,52,61,195,42,0,0,208,114,59,121,84,116,192,146,203,148,54,153,78,155,193,177,206,180,54,193,86,199
180,107,100,105,211,106,63,101,137,166,148,227,0,0,274,96,243,285,0,0,0,0,0,0,0,0,0,0,0,0,0,0,0,0,0,0,0,0,0,0
0,0,246,22,238,7,233,23,275,35,245,49,42,53,181,41,0,0,194,114,0,0,61,107,184,151,198,150,63,155,47,151,179,186,193,193,70,200,48,199
82,51,55,54,94,40,39,38,61,73,84,86,256,41,128,39,122,110,0,0,255,92,0,0,117,142,0,0,254,134,0,0,109,169,0,0,247,164,0,0
52,21,0,0,66,12,0,0,20,29,61,64,269,43,128,37,106,105,0,0,239,105,0,0,110,153,122,149,243,147,275,139,104,188,119,180,227,192,271,186
90,98,0,0,96,82,81,85,80,117,122,101,243,47,144,39,148,92,135,131,0,0,227,95,0,0,151,123,163,120,226,127,254,130,0,0,0,0,0,0
63,68,33,71,68,59,19,62,46,97,260,46,72,108,109,51,111,124,0,0,259,118,0,0,111,171,119,160,257,157,275,144,113,199,124,189,261,205,275,195
285,90,257,90,282,57,244,60,271,127,228,131,28,29,178,18,0,0,178,122,0,0,26,107,0,0,181,182,53,159,24,154,191,201,185,217,65,197,31,215
87,86,0,0,137,65,68,46,51,124,130,137,0,0,194,82,191,155,0,0,246,157,0,0,155,182,93,172,0,0,0,0,0,0,0,0,0,0,0,0
0,0,246,36,253,20,241,24,269,49,245,71,51,59,165,45,0,0,184,110,0,0,52,120,208,139,193,141,61,146,48,146,0,0,0,0,60,162,45,171
0,0,0,0,0,0,268,25,0,0,246,70,41,45,185,37,0,0,207,110,0,0,54,113,183,148,205,156,70,147,34,149,184,182,205,197,87,183,44,202
0,0,228,94,0,0,194,85,253,111,215,126,57,76,149,85,181,161,145,158,0,0,50,133,165,181,155,184,76,169,57,166,164,208,155,208,83,200,53,200
0,0,248,41,269,26,234,30,267,54,239,74,49,36,173,39,0,0,200,107,0,0,57,96,187,144,201,142,68,138,41,137,188,165,203,161,77,169,37,173
108,28,79,30,126,27,0,0,90,58,103,76,0,0,143,50,131,127,90,134,193,103,0,0,119,169,101,169,195,147,176,143,122,201,104,196,190,183,168,182
275,60,242,60,283,48,233,47,269,86,250,105,36,44,197,48,0,0,200,124,0,0,53,117,195,169,203,171,70,161,48,160,192,206,213,212,88,206,58,208
46,41,0,0,59,37,0,0,23,56,64,70,238,52,118,40,105,108,0,0,216,105,0,0,110,139,119,130,219,137,236,131,108,163,122,158,209,175,240,170
47,31,0,0,67,25,0,0,19,56,61,66,279,53,129,41,120,116,0,0,256,115,0,0,117,152,130,146,269,150,254,152,107,182,128,179,270,198,250,188
43,83,0,0,61,66,0,0,25,100,72,103,250,56,118,56,123,111,0,0,225,116,0,0,125,146,0,0,230,137,250,130,0,0,0,0,0,0,0,0
288,49,270,50,288,37,255,37,291,78,248,79,34,27,197,25,0,0,199,101,0,0,48,99,0,0,190,147,48,142,30,137,0,0,0,0,57,175,35,177
216,92,168,88,250,65,143,70,200,144,0,0,0,0,155,38,0,0,128,123,0,0,55,105,158,155,129,161,0,0,59,128,158,185,138,190,0,0,67,157
0,0,251,25,0,0,231,17,282,39,246,56,27,44,168,33,0,0,195,102,0,0,52,106,176,145,190,149,0,0,40,139,169,171,190,172,52,176,35,178
41,56,0,0,62,57,0,0,10,75,66,101,272,39,126,38,118,110,0,0,258,100,0,0,115,142,132,138,274,128,244,132,111,166,133,162,273,165,228,162
0,0,229,61,259,40,216,57,262,81,237,111,34,61,168,59,0,0,173,143,0,0,42,137,0,0,180,184,52,173,39,169,0,0,0,0,55,193,47,205
253,79,231,78,270,71,222,69,246,96,0,0,62,67,181,61,0,0,196,125,0,0,67,129,0,0,204,166,74,157,62,154,0,0,0,0,0,0,0,0
145,58,103,58,164,46,83,47,125,97,124,122,0,0,0,0,159,173,94,171,0,0,0,0,0,0,0,0,0,0,0,0,0,0,0,0,0,0,0,0
204,87,133,89,268,79,104,103,151,119,186,192,0,0,0,0,0,0,0,0,0,0,0,0,0,0,0,0,0,0,0,0,0,0,0,0,0,0,0,0
0,0,0,0,259,40,0,0,0,0,0,0,83,27,210,24,217,117,0,0,123,122,0,0,207,150,163,157,121,159,54,157,209,192,157,188,128,201,66,201
37,36,0,0,52,23,0,0,10,58,71,70,282,37,124,31,116,99,0,0,254,96,283,99,116,141,129,137,256,137,282,128,112,176,129,169,238,182,285,172
193,74,161,76,215,67,149,70,175,109,0,0,64,45,143,54,0,0,142,126,0,0,66,104,164,158,148,164,0,0,69,135,165,184,149,188,0,0,76,165
148,63,114,64,168,51,92,43,129,102,129,123,0,0,0,0,160,177,97,190,0,0,0,0,153,242,116,243,0,0,0,0,0,0,0,0,0,0,0,0
57,43,28,40,67,34,15,30,40,73,59,85,259,21,106,23,96,94,0,0,239,99,0,0,96,144,123,142,262,136,0,0,87,171,127,163,253,177,0,0
219,95,189,98,234,81,173,80,204,129,0,0,60,34,163,21,0,0,146,80,0,0,63,74,167,111,152,116,0,0,68,105,169,136,150,142,55,126,74,131
239,47,213,51,265,28,199,32,223,79,251,96,50,59,171,44,0,0,192,150,0,0,42,149,0,0,199,201,86,200,45,194,0,0,0,0,0,0,0,0
75,67,48,66,94,58,39,55,65,90,74,103,255,71,130,59,116,123,0,0,237,122,0,0,115,160,106,159,252,151,232,152,111,199,106,184,248,196,220,188
105,61,82,61,122,49,67,50,97,81,92,104,0,0,0,0,101,141,49,138,0,0,0,0,97,181,51,166,0,0,68,171,98,205,0,0,0,0,0,0
57,40,0,0,83,33,27,23,31,61,73,75,270,36,114,28,110,95,0,0,244,92,0,0,118,133,132,129,253,140,0,0,119,161,134,153,254,182,0,0
0,0,207,127,224,107,198,109,0,0,178,106,31,21,164,10,157,98,128,97,0,0,41,77,167,131,135,138,58,135,33,125,0,0,0,0,63,157,36,155
109,131,42,133,137,114,20,116,72,190,68,238,0,0,0,0,94,266,32,279,0,0,0,0,0,0,0,0,0,0,0,0,0,0,0,0,0,0,0,0
169,102,75,79,189,110,45,87,140,142,128,212,277,111,0,0,165,220,0,0,270,175,0,0,149,260,0,0,255,212,240,211,0,0,0,0,245,242,230,230
72,43,41,43,77,30,12,33,71,85,52,104,280,27,89,16,109,123,0,0,254,104,0,0,102,164,79,160,274,152,243,160,99,193,74,189,270,198,234,188
50,57,0,0,67,44,51,37,26,76,71,86,260,60,132,46,131,122,0,0,260,109,0,0,134,147,0,0,284,138,242,148,134,169,0,0,288,170,231,169
0,0,228,128,257,104,208,109,245,169,204,135,0,0,172,40,0,0,154,125,0,0,42,119,192,153,161,158,71,154,45,139,198,185,167,191,80,183,48,186
250,78,233,79,267,64,220,67,248,109,222,97,52,50,176,51,0,0,192,121,0,0,65,116,177,136,190,137,74,147,56,148,177,164,189,174,85,173,60,191
43,76,0,0,65,52,42,48,25,95,55,108,267,51,134,51,124,117,0,0,253,117,0,0,113,151,137,147,254,148,228,147,109,182,147,171,254,184,214,177
0,0,264,30,0,0,247,12,291,40,260,66,28,57,176,41,0,0,202,116,0,0,47,118,183,152,200,152,65,159,35,157,184,178,207,185,71,196,41,195
22,142,0,0,45,123,27,116,18,166,81,134,266,52,116,50,118,118,0,0,240,119,0,0,121,157,106,149,247,155,263,151,122,180,98,168,223,187,253,186
0,0,233,28,269,21,218,23,272,51,237,74,31,78,153,50,0,0,158,137,0,0,46,140,207,183,168,184,73,181,40,181,0,0,0,0,0,0,0,0
40,43,0,0,71,38,55,20,16,70,55,84,268,65,125,55,116,135,0,0,247,125,0,0,111,178,0,0,245,167,253,169,111,210,0,0,233,212,248,206
92,115,50,119,109,98,28,103,74,169,0,0,265,92,114,67,147,145,0,0,239,88,0,0,104,161,0,0,268,147,0,0,160,166,0,0,183,158,0,0
247,17,214,14,261,2,203,4,230,51,212,61,20,55,160,19,0,0,164,79,0,0,59,56,0,0,191,105,0,0,53,102,0,0,0,0,0,0,100,111
184,96,158,102,200,79,139,102,178,130,195,110,0,0,204,51,216,114,0,0,256,108,0,0,201,147,180,146,254,130,225,131,198,163,189,157,253,151,216,155
34,47,0,0,0,0,46,35,26,74,66,78,270,17,136,14,135,100,0,0,244,78,0,0,140,138,112,138,241,122,274,119,0,0,106,158,226,157,274,158
84,44,60,45,105,32,49,33,75,69,86,78,253,40,126,40,119,106,0,0,229,99,0,0,118,145,0,0,241,140,0,0,0,0,0,0,230,179,0,0
0,0,134,80,100,56,83,77,153,84,0,0,207,30,89,33,114,108,0,0,185,77,0,0,109,138,83,123,210,115,173,106,106,175,81,151,206,157,154,129
77,143,0,0,96,135,51,135,52,175,99,186,190,105,115,124,146,193,0,0,203,164,0,0,143,234,122,236,200,194,185,197,147,257,121,260,194,217,179,221
70,75,53,77,77,67,45,70,62,94,0,0,103,68,0,0,80,126,57,127,112,117,0,0,74,143,60,143,107,138,95,139,74,158,58,161,105,154,94,154
0,0,177,108,160,92,149,109,205,117,161,133,39,50,116,88,138,146,106,148,0,0,31,94,0,0,120,171,0,0,22,116,121,191,136,189,0,0,27,156
246,81,215,87,263,77,208,75,237,121,232,136,50,69,173,73,0,0,183,152,0,0,50,131,210,191,191,186,83,174,56,175,206,213,193,215,86,209,52,205
109,79,73,79,131,73,58,74,89,108,112,124,241,97,155,85,159,144,0,0,260,130,0,0,142,162,0,0,0,0,0,0,178,164,0,0,233,164,0,0
44,66,0,0,61,63,17,65,28,92,53,108,263,74,146,64,115,130,0,0,264,145,0,0,108,171,87,165,265,178,188,168,0,0,0,0,0,0,0,0
268,54,237,55,278,46,226,48,257,89,230,74,41,42,181,34,231,124,191,119,0,0,48,118,0,0,202,165,0,0,27,158,0,0,0,0,0,0,0,0
135,67,92,70,158,51,76,56,109,119,119,139,0,0,0,0,149,165,88,163,0,0,33,142,138,200,97,207,65,181,45,175,137,253,95,259,68,223,54,227
103,68,83,68,110,63,74,61,89,91,108,100,241,75,136,62,131,116,0,0,231,127,0,0,140,153,152,152,240,165,0,0,142,176,156,170,243,199,232,199
57,75,0,0,85,61,9,65,26,118,75,125,265,56,130,50,149,148,0,0,270,127,0,0,144,213,109,214,260,182,243,184,145,257,112,253,252,242,219,234
203,37,0,0,235,22,175,23,182,64,211,78,74,41,151,36,222,133,166,131,0,0,58,112,212,162,175,164,88,154,57,145,207,192,174,190,92,183,51,180
47,42,0,0,67,37,0,0,25,59,67,76,253,39,116,42,123,101,0,0,237,96,0,0,137,140,105,133,239,137,262,137,137,166,102,158,225,171,262,169
83,97,60,97,106,80,42,83,76,129,93,124,240,83,128,74,142,147,0,0,229,133,0,0,142,191,123,192,221,177,209,174,143,229,118,231,207,221,0,0
0,0,235,35,238,25,224,21,261,50,230,68,35,72,172,48,0,0,183,101,0,0,68,108,0,0,174,150,41,153,70,151,166,180,177,180,45,189,76,190
275,67,248,70,283,44,235,46,269,94,232,97,38,40,186,42,0,0,196,110,0,0,44,111,177,147,199,151,57,147,32,148,168,179,208,189,70,176,39,187
0,0,251,87,220,59,231,69,270,113,224,114,9,83,163,73,0,0,165,143,0,0,36,146,0,0,156,187,45,185,32,186,0,0,151,217,52,215,36,228
21,140,0,0,43,124,29,119,15,168,79,134,266,51,86,57,118,128,0,0,239,120,0,0,117,156,103,152,250,150,264,151,121,179,101,166,227,187,254,188
0,0,215,66,247,54,202,51,238,84,206,101,34,68,152,63,0,0,153,120,0,0,45,108,166,156,156,155,0,0,47,141,167,170,153,174,0,0,55,171
0,0,261,148,261,124,253,126,259,177,215,135,56,27,199,37,0,0,195,107,0,0,89,102,164,150,192,149,55,154,86,153,161,182,199,186,58,193,90,195
79,46,48,48,96,41,38,40,53,66,71,97,263,96,138,74,147,167,106,181,250,161,0,0,148,215,115,217,259,209,220,226,144,259,111,256,263,264,219,266
228,61,181,62,247,41,149,54,210,103,199,128,32,34,129,40,0,0,138,162,0,0,19,127,183,222,145,221,67,175,32,173,0,0,0,0,77,221,23,225
31,52,0,0,49,42,18,40,5,67,57,90,260,46,118,38,115,111,0,0,262,115,0,0,113,147,0,0,270,136,243,140,112,165,0,0,269,166,225,167
239,74,218,73,243,59,215,59,231,96,219,111,47,62,164,70,0,0,178,126,0,0,60,105,163,165,183,167,71,156,48,146,159,190,187,198,93,194,49,190
0,0,252,62,270,34,237,34,278,91,239,91,33,70,183,62,0,0,185,142,0,0,47,131,176,177,183,178,51,171,39,171,170,205,185,206,52,202,38,205
57,115,21,120,79,104,13,105,32,157,73,156,240,106,128,88,136,167,0,0,250,161,0,0,123,220,0,0,259,202,231,205,123,254,0,0,266,238,225,238
0,0,260,49,275,23,242,24,285,72,243,84,40,33,183,29,0,0,181,94,0,0,48,75,197,146,184,149,63,130,38,122,197,166,187,174,77,167,27,163
57,42,29,44,70,39,13,43,30,67,57,74,267,34,96,13,99,83,0,0,251,81,0,0,111,137,0,0,266,128,249,135,112,161,0,0,266,164,244,161
216,67,179,68,228,54,147,52,212,115,163,115,0,0,106,20,0,0,74,158,0,0,0,0,0,0,59,206,0,0,0,0,0,0,0,0,0,0,0,0
0,0,250,63,0,0,231,43,285,78,238,92,36,55,170,57,0,0,190,124,0,0,62,102,152,147,203,152,33,131,48,146,143,172,213,176,31,156,63,183
156,63,93,65,189,43,64,52,103,116,146,153,0,0,231,39,0,0,0,0,0,0,0,0,0,0,0,0,0,0,0,0,0,0,0,0,0,0,0,0
80,70,0,0,93,64,87,57,58,88,92,108,249,67,135,70,130,110,0,0,225,114,0,0,131,151,142,152,239,142,220,148,130,180,140,176,235,169,210,175
0,0,228,41,266,28,192,33,260,68,226,93,25,72,148,54,0,0,157,139,0,0,35,131,197,216,162,216,65,197,35,205,202,258,167,260,74,252,35,257
42,28,0,0,62,19,0,0,14,41,58,69,267,51,119,34,101,118,0,0,234,111,0,0,101,154,118,153,236,146,259,146,99,192,119,182,230,189,262,182
0,0,247,49,272,40,234,41,278,66,236,89,43,66,183,44,0,0,187,116,0,0,54,119,211,159,185,156,64,167,45,169,0,0,192,180,0,0,40,194
94,78,77,77,105,74,68,72,82,99,98,103,217,60,140,65,132,127,0,0,211,119,0,0,0,0,0,0,219,147,193,145,0,0,0,0,0,0,0,0
0,0,250,163,283,146,231,145,257,189,208,154,33,38,187,49,0,0,160,129,0,0,36,88,0,0,170,171,66,140,39,141,0,0,0,0,81,158,37,163
47,100,0,0,62,92,0,0,37,116,73,135,228,96,125,97,113,152,0,0,220,142,0,0,113,192,121,181,229,176,212,174,113,217,124,204,224,206,209,204
201,109,79,110,279,60,41,75,114,209,176,270,0,0,0,0,0,0,0,0,0,0,0,0,0,0,0,0,0,0,0,0,0,0,0,0,0,0,0,0
248,47,217,46,257,35,207,38,235,66,217,84,24,54,174,46,0,0,181,113,0,0,37,115,0,0,175,156,38,161,19,159,0,0,0,0,41,186,22,191
0,0,216,130,223,110,206,113,219,152,187,120,66,39,161,42,0,0,167,101,0,0,85,90,142,129,167,131,80,127,73,123,138,151,172,153,91,156,75,157
44,119,0,0,38,110,46,95,46,141,83,106,225,26,111,39,122,95,0,0,225,75,0,0,120,120,0,0,237,102,216,105,118,135,130,131,239,127,209,127
68,84,47,81,87,75,41,74,53,108,84,111,232,50,112,52,115,112,0,0,231,96,0,0,112,147,128,133,236,129,222,131,109,175,129,160,237,165,213,157
0,0,212,50,227,21,186,21,247,79,199,99,43,49,132,36,0,0,130,135,0,0,0,0,169,170,142,175,0,0,0,0,174,191,144,213,108,177,58,166
57,55,0,0,75,36,60,33,34,76,76,82,258,35,132,28,119,90,0,0,231,89,0,0,121,130,132,127,244,139,261,131,122,152,0,0,246,173,259,169
266,69,244,70,276,58,234,60,259,98,235,105,41,58,177,59,0,0,182,129,0,0,59,119,0,0,179,166,32,152,45,168,0,0,0,0,31,187,54,196
40,20,0,0,55,12,46,6,15,41,60,60,268,30,111,21,104,87,0,0,244,89,0,0,104,128,0,0,254,134,0,0,104,158,97,154,250,174,238,164
131,78,93,79,160,61,77,67,111,121,119,144,0,0,0,0,152,172,78,169,0,0,0,0,142,216,98,215,0,0,51,182,146,258,101,258,0,0,62,221
192,151,107,144,232,118,86,115,146,234,0,0,0,0,0,0,0,0,0,0,0,0,0,0,0,0,0,0,0,0,0,0,0,0,0,0,0,0,0,0
139,72,89,72,176,51,66,56,104,134,140,135,0,0,199,38,245,147,0,0,0,0,0,0,206,190,0,0,0,0,0,0,258,180,0,0,0,0,0,0
129,112,110,113,135,101,102,102,116,138,135,133,260,100,162,96,157,142,0,0,243,144,0,0,163,163,0,0,252,166,0,0,163,186,0,0,245,192,0,0
65,65,41,62,84,53,30,53,50,80,75,102,243,53,125,51,114,110,0,0,228,111,0,0,109,144,0,0,238,142,257,137,0,0,0,0,235,164,262,164
257,140,236,143,269,131,227,126,246,171,226,163,84,103,187,111,195,175,0,0,126,171,73,175,195,212,181,211,114,215,79,222,201,238,186,234,124,260,77,263
43,54,0,0,59,43,11,46,18,83,52,105,275,46,122,32,114,109,0,0,265,111,0,0,113,151,0,0,280,152,251,153,112,174,0,0,278,188,235,181
0,0,223,72,220,53,217,64,242,90,202,89,49,61,158,56,0,0,157,111,0,0,61,110,0,0,159,140,0,0,64,135,0,0,162,166,0,0,75,166
0,0,263,67,288,59,245,53,288,98,245,101,13,61,199,52,0,0,196,128,0,0,38,118,168,163,197,164,50,172,25,159,0,0,0,0,0,0,0,0
38,48,0,0,57,30,30,29,23,72,71,80,254,29,113,28,118,93,0,0,253,90,0,0,105,134,126,128,248,126,0,0,101,160,130,153,235,160,0,0
0,0,260,24,0,0,234,15,283,35,252,53,39,63,185,44,0,0,198,102,0,0,71,120,185,152,200,156,42,168,73,156,183,183,201,189,45,196,75,195
0,0,182,124,201,90,177,97,208,151,158,119,45,17,118,13,0,0,102,96,0,0,36,72,145,144,112,149,82,137,38,132,0,0,116,175,81,167,48,165
119,101,0,0,132,96,114,83,99,111,131,121,204,42,163,74,167,122,0,0,215,96,0,0,148,150,0,0,209,121,179,129,138,171,0,0,205,148,177,145
229,153,198,153,233,134,176,140,222,203,173,151,42,10,124,27,0,0,133,115,0,0,46,90,134,155,157,160,0,0,55,138,135,200,176,210,0,0,69,190
109,111,0,0,150,88,132,53,76,162,188,177,0,0,0,0,0,0,0,0,0,0,0,0,0,0,0,0,0,0,0,0,0,0,0,0,0,0,0,0
0,0,235,55,258,41,207,38,263,86,215,94,41,41,162,42,0,0,141,132,0,0,45,110,166,167,146,173,77,144,40,146,172,205,148,213,86,179,42,184
32,81,0,0,52,61,29,59,13,103,56,110,287,78,121,68,119,143,0,0,248,134,0,0,0,0,0,0,0,0,0,0,0,0,0,0,0,0,0,0
0,0,265,37,273,14,252,14,285,62,238,68,21,27,180,21,0,0,182,90,0,0,44,88,167,122,185,126,58,131,34,131,163,151,186,158,80,165,41,173
69,85,49,73,107,67,78,54,31,114,90,118,0,0,162,75,159,153,99,142,0,0,0,0,0,0,0,0,0,0,0,0,0,0,0,0,0,0,0,0
0,0,247,137,258,98,250,113,262,174,188,130,0,0,132,18,0,0,124,109,0,0,38,96,166,159,138,156,0,0,58,142,164,186,133,189,81,174,68,181
225,111,194,108,242,109,155,98,226,154,180,153,0,0,115,101,0,0,114,171,0,0,0,0,0,0,103,194,0,0,0,0,0,0,150,209,0,0,0,0
234,143,208,145,241,123,190,122,218,174,174,157,67,76,150,79,0,0,133,145,0,0,57,120,0,0,144,181,0,0,67,151,129,188,144,202,99,171,68,175
29,49,0,0,61,35,41,29,16,75,49,88,283,38,122,36,112,118,0,0,259,119,0,0,106,160,0,0,255,154,224,156,107,183,0,0,241,180,212,178
110,62,76,62,128,45,44,32,96,98,88,114,0,0,0,0,93,158,55,162,128,126,0,0,82,206,63,206,121,160,0,0,85,246,56,245,120,199,0,0
130,140,80,138,166,114,62,115,95,217,0,0,0,0,0,0,0,0,0,0,0,0,0,0,142,240,69,234,0,0,0,0,143,283,65,266,0,0,92,252
247,78,218,82,267,74,208,72,235,114,230,136,51,70,174,65,0,0,182,147,0,0,54,132,206,192,196,181,81,176,58,171,0,0,195,213,86,207,53,206
31,136,0,0,36,108,0,0,32,162,242,16,100,28,114,95,0,0,242,74,0,0,0,0,104,131,132,128,255,113,231,123,103,159,135,159,260,151,224,153
220,39,197,41,232,31,184,32,207,68,190,62,29,9,161,5,0,0,159,70,57,77,43,66,142,111,172,110,58,111,29,100,137,136,177,143,68,144,24,145
0,0,246,51,239,29,225,36,272,65,228,74,38,56,164,36,0,0,171,107,0,0,51,100,166,143,178,145,67,134,42,134,165,174,183,181,81,177,36,185
55,70,0,0,77,68,74,26,19,119,125,138,229,24,168,48,217,176,144,188,0,0,0,0,0,0,0,0,252,183,0,0,0,0,0,0,0,0,0,0
270,57,245,56,286,45,228,42,264,91,241,91,24,30,186,39,0,0,180,117,0,0,41,99,0,0,181,157,58,145,33,142,0,0,177,186,0,0,0,0
70,149,0,0,81,133,52,125,61,173,105,123,241,40,113,49,146,113,0,0,247,92,0,0,141,150,0,0,256,123,224,133,137,172,116,164,264,151,223,153
0,0,259,51,276,25,240,26,281,77,243,86,38,36,175,27,0,0,186,108,0,0,47,84,195,143,181,143,63,137,29,131,192,165,185,170,72,162,27,164
158,94,111,97,194,78,90,78,135,129,130,189,0,0,136,53,186,187,81,189,0,0,0,0,177,248,100,249,149,243,0,0,0,0,0,0,0,0,0,0
135,122,0,0,200,83,50,106,54,221,108,259,0,0,0,0,0,0,0,0,0,0,0,0,0,0,0,0,0,0,0,0,0,0,0,0,0,0,0,0
77,45,48,47,105,35,40,35,44,72,80,97,231,74,123,65,139,135,0,0,226,120,0,0,138,170,0,0,218,155,0,0,0,0,0,0,0,0,0,0
237,118,213,121,249,113,205,112,225,152,212,157,43,113,168,109,0,0,179,183,0,0,54,173,178,222,190,219,79,213,51,208,178,246,191,258,95,239,59,238
112,142,0,0,118,118,87,116,103,175,132,137,260,34,143,30,175,111,0,0,249,89,0,0,186,141,140,149,245,123,224,126,193,166,138,168,233,166,221,164
110,66,77,69,130,52,45,69,115,100,103,135,0,0,0,0,123,179,58,183,0,0,0,0,113,216,66,215,0,0,0,0,0,0,61,264,0,0,0,0
61,66,0,0,75,58,38,58,38,92,82,96,274,47,134,47,137,103,0,0,248,103,0,0,146,144,0,0,235,140,262,139,0,0,0,0,225,168,256,165
0,0,256,37,282,20,241,22,288,61,240,72,19,29,178,24,0,0,189,100,0,0,30,88,174,136,188,136,51,130,13,127,0,0,191,161,65,161,18,163
0,0,270,145,0,0,262,129,269,178,224,135,49,21,198,30,0,0,180,101,0,0,62,82,197,142,161,139,75,138,49,127,208,167,161,168,94,173,55,177
266,67,245,69,278,56,230,56,260,96,239,99,38,59,183,56,0,0,184,124,0,0,66,117,0,0,181,165,32,154,51,163,0,0,0,0,30,190,53,192
219,48,204,46,229,39,193,36,213,67,199,81,82,40,167,36,0,0,162,100,0,0,89,89,182,133,158,131,106,121,85,113,184,147,156,153,108,141,88,144
129,54,101,53,141,50,87,50,119,79,118,98,239,81,162,61,155,122,0,0,235,129,0,0,152,180,122,176,231,165,217,176,0,0,0,0,0,0,0,0
99,84,79,81,116,79,72,76,87,104,104,110,226,67,142,70,139,135,0,0,223,130,0,0,0,0,0,0,0,0,0,0,0,0,0,0,0,0,0,0
214,87,187,87,227,78,171,84,204,123,174,111,23,52,150,46,0,0,138,107,0,0,41,104,0,0,139,135,43,129,35,129,0,0,140,158,46,145,39,159
131,72,115,71,147,64,118,52,110,97,149,112,244,45,184,42,197,114,0,0,257,101,0,0,200,145,189,147,255,136,225,144,194,175,0,0,246,174,211,172
101,60,68,59,121,47,46,44,83,97,80,120,0,0,0,0,0,0,0,0,199,103,0,0,0,0,0,0,239,146,0,0,0,0,0,0,0,0,0,0
0,0,279,91,282,60,272,70,286,120,239,127,27,67,188,58,0,0,194,139,0,0,38,140,0,0,189,174,0,0,28,172,179,191,188,196,47,193,29,205
260,53,238,58,274,41,218,47,252,85,228,87,42,37,176,34,0,0,190,116,0,0,48,106,209,144,197,150,63,140,39,142,210,169,200,175,66,170,37,176
262,34,227,31,282,19,210,20,259,76,234,93,42,28,168,24,0,0,179,124,0,0,47,92,204,164,181,174,72,139,47,136,204,204,185,219,83,182,43,186
0,0,255,175,272,144,248,151,263,202,216,144,40,38,183,50,0,0,163,119,0,0,43,100,152,159,165,164,68,146,30,142,146,191,175,198,79,187,27,187
122,68,80,69,153,40,56,33,99,109,127,144,281,33,184,46,173,172,130,177,284,122,0,0,0,0,0,0,0,0,235,191,0,0,0,0,0,0,0,0
64,55,0,0,82,35,51,35,44,84,77,98,254,40,128,44,120,116,0,0,241,104,0,0,116,154,129,149,246,142,0,0,118,183,130,177,239,172,0,0
37,31,0,0,36,17,56,13,11,56,60,75,267,41,126,37,123,109,0,0,262,114,0,0,121,166,0,0,269,161,247,161,116,205,106,198,257,200,240,193
0,0,260,19,245,8,252,10,288,30,252,53,22,53,182,38,0,0,199,107,0,0,62,109,184,161,197,160,31,154,55,155,186,189,204,191,33,198,67,201
0,0,262,32,243,16,248,28,289,47,251,67,37,64,185,47,0,0,198,114,0,0,72,115,185,158,199,160,47,167,67,167,183,191,200,196,48,204,74,206
0,0,259,28,277,23,242,24,285,60,246,64,35,32,186,27,0,0,203,93,0,0,52,96,181,135,197,136,0,0,46,144,183,159,196,163,68,174,56,178
94,67,52,63,117,48,43,53,61,124,102,126,0,0,182,54,188,151,0,0,280,110,0,0,170,182,0,0,285,165,0,0,201,177,0,0,260,178,0,0
0,0,258,25,235,9,240,20,281,41,242,54,33,51,170,40,0,0,193,116,0,0,70,126,175,158,188,158,34,164,59,164,177,188,192,192,37,208,78,207
0,0,263,50,0,0,248,42,282,65,250,65,89,49,204,48,0,0,223,104,0,0,116,104,196,136,213,135,78,143,106,144,195,159,212,162,78,180,118,180
38,55,0,0,60,36,32,25,12,77,61,99,277,26,125,27,129,106,0,0,274,97,0,0,130,145,0,0,285,134,252,136,126,177,115,171,284,182,228,180
0,0,247,18,226,7,230,18,277,31,239,54,45,51,174,39,0,0,190,109,0,0,77,114,175,144,189,147,44,152,71,152,175,175,190,181,44,195,85,198
41,53,0,0,56,43,55,37,22,72,62,93,259,70,133,65,111,126,0,0,248,135,0,0,107,164,121,162,258,167,240,165,105,187,121,184,266,196,236,195
211,62,126,63,239,58,72,52,227,155,121,186,0,0,0,0,0,0,0,0,0,0,0,0,0,0,0,0,0,0,0,0,0,0,0,0,0,0,0,0
0,0,253,45,267,21,239,24,287,77,241,87,31,30,181,22,0,0,169,108,0,0,37,90,177,163,162,163,44,151,26,149,173,193,157,201,55,186,38,191
82,71,52,72,100,64,36,61,69,106,92,92,249,28,101,24,141,102,0,0,239,96,0,0,146,147,87,151,226,142,241,133,0,0,0,0,0,0,0,0
